champ,chicken_road_v1,chicken_road_v2,statut,source
editeur,InOut Games,InOut Games,confirme,page studio
rtp_annonce,98 %,95.5 %,confirme,"page studio, BetFury"
modes_difficulte,aucun,"Facile, Moyen, Difficile, Hardcore",confirme,page studio
multiplicateurs_inferieurs_a_1,non documente,"x0.7, x0.5 observes",a_confirmer,signaux joueurs (forums publics)
mise_min_max,non documente,"0.01 - 200 $",confirme,page studio
principe_crash,oui,oui,confirme,page studio
rng_par_tour,oui,oui,confirme,page studio
application_officielle,non,non,confirme,page studio
prediction_possible,non,non,confirme,"page studio, Casino.guru"
date_sortie,avril 2025,15/04/2025,confirme,page studio
